{"loss": [4.61197566986084, 1.6617310047149658, 1.15478515625, 0.9395450949668884, 0.8197535276412964, 0.7478675842285156, 0.6933614611625671, 0.6574314832687378, 0.6334667205810547, 0.6076689958572388, 0.5895612239837646, 0.5720697641372681, 0.5597730875015259, 0.54693204164505, 0.5366420745849609, 0.5298370122909546, 0.5143622756004333, 0.5077333450317383, 0.503110408782959, 0.493396520614624, 0.49062520265579224, 0.4870630204677582, 0.4780418574810028, 0.4713272452354431, 0.4671173691749573, 0.46432510018348694, 0.45847705006599426, 0.4543428122997284, 0.44890105724334717, 0.4473595917224884, 0.4429841637611389, 0.4374776780605316, 0.43744683265686035, 0.43090856075286865, 0.4289710223674774, 0.4262045919895172, 0.42356860637664795, 0.41928938031196594, 0.4176322817802429, 0.416988343000412, 0.41168349981307983, 0.4115784764289856, 0.4076613485813141, 0.4068121612071991, 0.40358176827430725, 0.4018781781196594, 0.39848592877388, 0.3969409763813019, 0.395572304725647, 0.3926296830177307, 0.3917916715145111, 0.389987587928772, 0.38879138231277466, 0.3846501111984253, 0.38183990120887756, 0.3838801681995392, 0.3791182339191437, 0.37940970063209534, 0.3754865527153015, 0.37488216161727905, 0.3753610849380493], "AUPRC": [0.9999999403953552, 1.0, 1.0, 1.0, 1.0, 1.0, 1.0, 1.0, 1.0, 1.0, 1.0, 1.0, 1.0, 1.0, 1.0, 1.0, 1.0, 1.0, 1.0, 1.0, 1.0, 0.9999999403953552, 0.9999999403953552, 1.0, 1.0, 1.0, 1.0000001192092896, 1.0, 1.0, 0.9999999403953552, 1.0, 1.0, 1.0, 1.0, 1.0, 1.0, 0.9999999403953552, 1.0, 1.0, 1.0, 1.0, 1.0, 0.9999999403953552, 1.0, 1.0, 1.0, 1.0, 1.0, 1.0, 1.0, 0.9999999403953552, 0.9999999403953552, 1.0, 1.0, 1.0000001192092896, 1.0, 1.0, 1.0, 1.0, 1.0, 0.9999999403953552], "AUROC": [0.0, 0.0, 0.0, 0.0, 0.0, 0.0, 0.0, 0.0, 0.0, 0.0, 0.0, 0.0, 0.0, 0.0, 0.0, 0.0, 0.0, 0.0, 0.0, 0.0, 0.0, 0.0, 0.0, 0.0, 0.0, 0.0, 0.0, 0.0, 0.0, 0.0, 0.0, 0.0, 0.0, 0.0, 0.0, 0.0, 0.0, 0.0, 0.0, 0.0, 0.0, 0.0, 0.0, 0.0, 0.0, 0.0, 0.0, 0.0, 0.0, 0.0, 0.0, 0.0, 0.0, 0.0, 0.0, 0.0, 0.0, 0.0, 0.0, 0.0, 0.0], "val_loss": [1.9852983951568604, 1.165306806564331, 0.8508400321006775, 0.70285964012146, 0.6207242608070374, 0.5660339593887329, 0.5326438546180725, 0.5095508098602295, 0.4864901304244995, 0.4751143157482147, 0.46312186121940613, 0.4528109133243561, 0.447752982378006, 0.44117099046707153, 0.4327622056007385, 0.4270768463611603, 0.4239669740200043, 0.4203018248081207, 0.4199473559856415, 0.41677528619766235, 0.40994974970817566, 0.40710726380348206, 0.4055020213127136, 0.4038460850715637, 0.40394169092178345, 0.40058568120002747, 0.3985847234725952, 0.39745816588401794, 0.3940329849720001, 0.3947831094264984, 0.39400002360343933, 0.39295461773872375, 0.3917856216430664, 0.3894532322883606, 0.38878166675567627, 0.3875034749507904, 0.3853757679462433, 0.3846575915813446, 0.38446861505508423, 0.3830840587615967, 0.3849370777606964, 0.3844496011734009, 0.38296735286712646, 0.38151490688323975, 0.383070170879364, 0.38258203864097595, 0.38160407543182373, 0.38010814785957336, 0.3810766637325287, 0.37870776653289795, 0.37838906049728394, 0.3783434331417084, 0.3759058713912964, 0.37755200266838074, 0.37910428643226624, 0.37471720576286316, 0.3768250346183777, 0.3764544129371643, 0.37775635719299316, 0.375184565782547, 0.3750480115413666], "val_AUPRC": [0.4467330276966095, 0.6831313371658325, 0.7660501003265381, 0.8128473162651062, 0.8343366980552673, 0.8514672517776489, 0.8625447154045105, 0.8726835250854492, 0.8773043155670166, 0.8804227113723755, 0.8848661184310913, 0.8885528445243835, 0.890927791595459, 0.8901265263557434, 0.8967418074607849, 0.8965924382209778, 0.8961936831474304, 0.8986741900444031, 0.8969507813453674, 0.9001120328903198, 0.9025478363037109, 0.9040768146514893, 0.9029743671417236, 0.904289722442627, 0.9028874039649963, 0.905168890953064, 0.9045343399047852, 0.9057579040527344, 0.9084501266479492, 0.9078627228736877, 0.9073505997657776, 0.9067630767822266, 0.9075605869293213, 0.9098976850509644, 0.9078008532524109, 0.9093828797340393, 0.910364031791687, 0.9102574586868286, 0.9104348421096802, 0.9110398888587952, 0.9092332124710083, 0.9103679060935974, 0.9106318950653076, 0.9096274375915527, 0.9093351364135742, 0.9103949069976807, 0.910768985748291, 0.9117450714111328, 0.9113945960998535, 0.9125673770904541, 0.9119330048561096, 0.9127551317214966, 0.9125341773033142, 0.9112802743911743, 0.9110046625137329, 0.9124857187271118, 0.9127554893493652, 0.911261260509491, 0.9114521741867065, 0.9118486642837524, 0.9125543832778931], "val_AUROC": [0.8783431649208069, 0.9628293514251709, 0.9824165105819702, 0.9890704154968262, 0.9899654984474182, 0.9918624758720398, 0.9924460649490356, 0.9922274947166443, 0.9931829571723938, 0.9929083585739136, 0.9934017658233643, 0.9940348863601685, 0.9938340783119202, 0.9933075308799744, 0.9940282702445984, 0.994040846824646, 0.9945046901702881, 0.9940592646598816, 0.9942048192024231, 0.9945194721221924, 0.9940826296806335, 0.9944009184837341, 0.9943275451660156, 0.9941830635070801, 0.9944798350334167, 0.9942647218704224, 0.9940372109413147, 0.9941982626914978, 0.9942048788070679, 0.9948128461837769, 0.9944338798522949, 0.9937454462051392, 0.9944366216659546, 0.9942163825035095, 0.9941399693489075, 0.9943748712539673, 0.9946085214614868, 0.9947651624679565, 0.9942272305488586, 0.9941585659980774, 0.994686484336853, 0.9948408603668213, 0.9943090081214905, 0.9938557744026184, 0.9943830370903015, 0.9944631457328796, 0.9940817952156067, 0.9940104484558105, 0.9940091371536255, 0.994551956653595, 0.9940915703773499, 0.9944747090339661, 0.994250476360321, 0.9940157532691956, 0.9940140247344971, 0.9942569136619568, 0.9942518472671509, 0.9939442276954651, 0.9940166473388672, 0.9937930703163147, 0.9937185049057007]}