{"best_val_auprc": 0.9124857187271118, "best_val_auroc": 0.9942569136619568}